index,english,hono
1,The sun was rising above the ocean.,howiw wurrutlopnuk mukmenup lulus
2,"The water was calm, without movement, like a large blue mirror.",rewiw husewrutnuk mekhotup masalek ripiwiw nomirte rukmatpa husewnuk sili
3,"Iain stood on the shore, taking in the breeze.",malahwiw pasurminuk tiluso ritli masalek leka kaminuk mopohmiwiw
4,The smell of the sea was in the air.,lontetawse leksurutnuk hommawiw
5,He heard the singing of the birds on the hill.,leka milwirutnuk wuwiwomwiw mopmehtat tiluso ma
6,"His memory returned to his elderly neighbor, who used to say that there will be a good day when the bay is quiet.",tatwiw leka huhsurutnuk kulam ruho mo leka masalek leka wowlerukrutnuk kawwu masalek niwiw maputne hamutlonuk serneta konowiw husewnuk tis
7,Iain smiled and continued along the path.,malahwiw samarurutnuk masalek malahwiw mitunnuminuk rihnemet pasna
8,"The path wound upward, away from the wet sand and into the tall, dew-kissed grass of the cliffside.",pasnawiw wiseminuk luwe powwan rekta kuris masalek piwu suknito kaslo kam korihsol
9,"With every step, the rhythmic hum of the cicadas grew louder, blending with the distant, melodic whistling of the stonechats nesting on the hill.",tapa murmo wurnop wullanhuwiw lako [slot] wurrutnuk munlihsa sa masalek topraknuk wohta sok [slot] tunnole tiluso ma
10,He reached the crest of the ridge where his neighbor's old cottage stood.,leka runamrutnuk mahwiw ne memwa hahuwiw mo ruho leka pasurminuk
11,"Its whitewashed walls were weathered by decades of salt and wind, but the garden was still bursting with wild sea pinks and rosemary.",kiplise wemlo kamaminuk nokansipwiw mo nopmok kilpow morripewiw sam kihrutnuk rol nurwanat sokas
12,"Iain paused by the stone wall, looking back down at the vast, glassy expanse of the Atlantic.",malahwiw hirutnuk kultata nokansip se masalek malahwiw sanimrutnuk summa puwuh horle rilowsi teh mumusi hono nomirte
13,"For the first time in months, the persistent noise in his own mind felt as still as the water below.",wirkow ri wumnorpi liwluh renuhwiw larir nihihukminuk sam wumnorpi mene leka sestu sili sam re puwuh
14,"He reached into his jacket pocket, his fingers brushing against the brass key the old man had left him.",leka runamrutnuk piwu nitlo kaserki leka masalek lono leka ranlerutnuk kirsulok notowiw tekatam masalek nose mo lopitakmikohnuk leka
15,"It was time to open the shutters, let the morning light in, and begin the work they had so often talked about.",riwiw husewrutnuk masalek ronuk kos masalek kamanuk kissihwiw mutlonuk wumnorpi masalek hipannuk nonpumiwwiw masalek teno kawwu peluminuk
16,"The latch on the garden gate clicked, the sound crisp in the morning air.",pihokwiw lahase morripe torhunirutnuk masalek nemsowiw husewrutnuk kakaki wumnorpi wosonur lontetaw
17,"Iain turned to see a woman standing at the edge of the path, holding a canvas tote bag and a pair of worn walking boots by the laces.",malahwiw nintaminuk masalek malahwiw wimhominuk tuwowiw pasur horle len pasna masalek leksu lahawiw ruwa masalek risotwiw moku senkahuk nopheh kultata nepo
18,"She looked to be around his own age, with wind-roughened cheeks and a quiet, observant look in her eyes.",nakwehsir husewrutnuk sili leka masalek miswetwiw sihtoluw masalek sanim tis res wumnorpi hikupwiw nakwehsir
19,"I didn't mean to startle you, she said, her voice soft so as not to disturb the silence of the hill.",wippu rirnin herluminuk masalek wippu putehminuk simo masalek nakwehsir wowlerukrutnuk masalek lokopawiw nakwehsir womma masalek rirnin sinumnuk sotwiw ma
20,I'm Clara.,wippu husewnuk puskup
21,I used to help your neighbor with his garden on weekends.,wippu himolta haptoleminuk ruhowiw simo tapa morripe leka tiluso huner
22,"Iain let go of the key in his pocket and offered a small, welcoming nod.",malahse kamaminuk notowiw winu powwan nitlo leka masalek malahse herhirminuk wum lin lalu
23,Iain.,malah
24,He spoke about you.,leka peluminuk simo
25,He said you had a knack for keeping the rosemary alive against the sea wind.,leka wowlerukrutnuk masalek simo mortirutnuk wohemwiw masalek simo meknuk sokaswiw tus kirsulok hono wemlo
26,"Clara smiled faintly, looking past him toward the motionless bay.",puskupwiw samarurutnuk nikisot masalek puskupwiw sanimrutnuk kultata leka niw kono telpa
27,He always claimed the bay could predict the mood of the town.,leka himolta saratrutnuk masalek konose kernih lunnuk nupwiw top
28,"On mornings like this, he said, it's giving everyone a chance to catch their breath.",tiluso wosonur sili simrop masalek leka wowlerukrutnuk masalek nuwuwneh linanuk kemiw ripwiw retikopnuk wulonwiw teno
29,She set her boots down on the grass.,nakwehsir hewuhminuk risotwiw nakwehsir puwuh tiluso suknito
30,I heard you were coming down to sort through the house.,wippu milwirutnuk masalek simo mutlorutlopnuk kulam rilonenuk tinusem kiwiw
31,It's a lot of history for one person to carry.,nuwuwneh husewnuk kiprat ropa masalek warwehse wir tohinuk
32,"The two of them stood in silence for a moment, watching a lone gannet glide effortlessly over the mirror-like water, both grateful for the shared understanding that some mornings required very few words.",teno sulsu pasurminuk wumnorpi sot heni masalek teno pipiminuk sotetarwiw rot nalminnuk pitikkow lo re sili ripi masalek tok so nowsa renal masalek nehmamto wosonur linopminuk mer niknup
33,"Clara reached into her canvas tote bag, her fingers shifting past garden shears and twine before pulling out a small, leather-bound ledger.",puskupwiw runamrutnuk piwu laha ruwa nakwehsir masalek lono nakwehsir merlarurrutnuk ruhsetuwwiw werih masalek kureronuk powwan sukuwiw lin morlantat
34,The edges were dark with oil from frequent handling.,lenwiw husewrutnuk hukak tapa kelawiw powwan rasnu mam
35,"He told me to give you this when you finally arrived, Clara said, stepping closer to hand it over.",leka lerirutnuk wippu masalek linanuk simo simrop serneta simo kewi mutlorutnuk masalek puskup wowlerukrutnuk masalek nakwehsir senkahukrutnuk kultata masalek linanuk nuwuwneh
36,He knew you were carrying a heavy burden from the city.,leka ruminuk masalek simo tohimilopnuk ku pusiwiw powwan malu
37,He always said you were trying to solve the future before living the present.,leka himolta wowlerukrutnuk masalek simo kesrunrutlopnuk masalek himanuk hessowiw masalek hewistenuk molpolohwiw
38,"Iain took the book, the leather cool against his palm.",malahse kaminuk komaluwiw masalek morlantatwiw husewrutnuk tuwi kirsulok nokwiw leka
39,"He flipped it open to the first page, recognizing his neighbor's sharp, slanted handwriting.",leka nintaminuk nuwuwneh ro horle wukhowiw wirkow masalek leka mokaruprutnuk pewwiw tewa mu ruho leka
40,"There was no grand manifesto, just a single note scrawled across the center: The sea doesn't try to calm the storm; it simply waits for the wind to change.",rirnin nomirte tewiw masalek solsim pewenwiw nempirutnuk hohe wose masalek honose rirnin kesrunnuk masalek mekhotupnuk huwiw masalek nuwuwneh wutinuk masalek wemlo halanuk
41,Give yourself permission to be still until your own weather clears.,
42,"Iain looked up from the page, a sudden tightness clearing from his chest.",
43,"Clara simply nodded, giving him the space to let the words sink in.",
44,"The tide was beginning its slow, silent retreat, but for the first time in a very long time, Iain felt no urge to rush after it.",
45,"Iain turned to the heavy oak door of the cottage, the brass key fitting perfectly into the old, oiled lock.",
46,"With a firm turn, the mechanism clicked open, and the door swung inward with a gentle groan.",
47,"The air inside smelled faintly of dried lavender, woodsmoke, and old paper.",
48,Dust motes danced in the thin shafts of sunlight cutting through the wooden shutters.,
49,"As Iain stepped across the threshold, Clara followed quietly, her eyes sweeping over the familiar living room.",
50,"Sitting squarely on the heavy kitchen table was a large, cloth-wrapped object, alongside a neatly stacked pile of cedar planks and a box of hand tools.",
51,Placed right on top was a blueprint for a clinker-built wooden dinghy.,
52,"His neighbor hadn't just left him a house; he had left him a meticulous, hands-on project to build, a way to anchor his thoughts and focus his mind on one plank of wood at a time.",
53,"He started collecting the timber last winter, Clara said softly, stepping up beside the table.",
54,He told me he was cutting it for a friend who needed to learn how to build something from the shore up.,
55,Iain ran his fingers over the smooth cedar.,
56,"The quiet drama of his grief and exhaustion felt manageable here, transformed into a physical task waiting for his hands.",
57,"Iain looked up from the blueprint, the intricate lines of the clinker-built dinghy mapping out a clear path forward.",
58,"He picked up the first cedar plank, its weight solid and grounding in his hands.",
59,"He always said the best way to fix a broken mind was to work with something that doesn't argue back, Clara murmured, a small smile touching her lips.",
60,She set her tote bag on a nearby chair and rolled up her sleeves.,
61,The frames need to be set first.,
62,I can help hold them in place if you're ready to begin.,
63,"Iain looked from the timber to the open window, where the scent of the salt air was slowly chasing away the mustiness of the closed-up cottage.",
64,"The frantic, overwhelming pressure of the city felt miles away, replaced by the simple, honest scent of fresh wood and the quiet presence of a new friend.",
65,"I'm ready, Iain said, his voice clearer than it had been in months.",
66,"Together, they carried the first pieces of timber out into the sunlit garden, setting up a makeshift workspace on the grass beside the wild rosemary.",
67,"As the afternoon rolled in, the quiet of the bay was punctuated by the rhythmic, comforting sounds of measuring, sawing, and the steady tap of a hammer.",
68,"For the first time, Iain wasn't looking ahead to the next hour or the next day; he was exactly where he needed to be.",
69,"Six months later, the Atlantic bay was just as calm and mirror-like as the morning Iain had first arrived.",
70,"The completed clinker-built dinghy rested at the water's edge, its fresh coat of marine varnish gleaming under the soft morning sun.",
71,The rich scent of cedar blended with the familiar salt air.,
72,"Clara stood by the bow, holding the launch line, while Iain took his place at the stern, his hands calloused and strong from half a year of honest labor.",
73,"The heavy burden he had carried from the city had lifted, replaced by the steady rhythm of the shore.",
74,"She's ready, Clara said, her quiet, observant eyes reflecting the blue of the water.",
75,The tide is perfect.,
76,"With a coordinated push, the wooden keel slid smoothly over the wet sand and into the calm Atlantic.",
77,"The boat floated effortlessly, bobbing with a gentle, natural grace.",
78,"Iain stepped aboard, the cedar planks solid beneath his boots, and took up the oars he had carved by hand.",
79,"As he pulled back, rowing out into the glassy expanse, the rhythmic dip of the blades was the only sound breaking the silence of the hill.",
80,"Looking back at the weathered whitewashed cottage on the ridge, Iain realized his neighbor had been right: he hadn't just built a boat; he had built a new way to live.",
81,"The destination they had spoken about all winter was Gull Island, a small, craggy outcrop three miles across the open water, where the ruins of an old stone beacon stood.",
82,"As Iain pulled on the oars, the dinghy glided smoothly through the glassy water.",
83,The rhythmic creak of the rowlocks and the soft splash of the blades were the only sounds in the quiet morning air.,
84,"Clara sat in the bow, navigating by the landmarks on the distant shore-the weathered cottage on the ridge getting smaller with every stroke.",
85,"Halfway across the bay, the deep blue water shifted to a brilliant, clear turquoise as they passed over a shallow sandbar.",
86,"Iain paused, letting the boat drift, and looked down into the water.",
87,"Schools of tiny sand eels darted beneath the cedar planks, completely visible in the pristine sea.",
88,"The constant, frantic noise that used to plague his mind in the city was entirely gone, replaced by the simple physical reality of the ocean.",
89,"The current is starting to pull to the east, Clara said, pointing toward a narrow, gravelly slipway between the island's dark cliffs.",
90,Aim for the gap in the rocks.,
91,There's a sheltered landing spot just below the beacon.,
92,"Iain nodded, adjusting his grip on the smooth wooden handles.",
93,"With a few stronger, deliberate strokes, he guided the boat into the calm waters of the island's lee.",
94,"The keel scraped softly against the white shingles of the beach, and Clara stepped out into the shallow surf to secure the line.",
95,They had made it.,
96,They tied the launch line securely to a rusted iron ring embedded in the shoreline rocks.,
97,"Together, Iain and Clara climbed the narrow, overgrown path that wound up the cliffs of Gull Island, heading toward the crumbling stone beacon.",
98,"The air up here was cooler, filled with the sharp scent of wild thyme and the loud, echoing cries of nesting seabirds.",
99,The beacon itself was a hollow shell of weathered gray granite.,
100,"Its roof had collapsed decades ago, leaving the interior open to the sky, but the thick walls still offered shelter from the Atlantic breeze.",
101,"As Iain stepped through the arched doorway, his boots crunched on the gravel and fallen mortar.",
102,In the center of the ruins sat a heavy stone pedestal that had once held the beacon's light.,
103,"Tucked into a deep, protected niche at the base of the pedestal was something unexpected: a rusted, waterproof metal ammunition box.",
104,"Clara knelt down beside it, brushing away a layer of dried moss.",
105,"Your neighbor used to row out here every autumn, she whispered, looking up at Iain.",
106,He told me he kept a log of the sea's behavior across fifty years.,
107,I think this is where he hid it.,
108,"With a stiff creak, the rusted latches gave way.",
109,"Inside, wrapped tightly in oilcloth, was not just a logbook, but a small leather pouch.",
110,"Iain carefully unwrapped the cloth, revealing a weathered journal filled with dense, elegant diagrams of tides, weather patterns, and boat designs-and beneath it, a brass pocket compass engraved with Iain's own initials.",
111,His neighbor had been planning this journey for him long before Iain even knew he needed to escape the city.,
