1	sun.NOM ocean above rise.PST.PROG.3SG
2	water.NOM calm be.PST.3SG and big blue mirror be.PST.3SG
3	iain.NOM shore on stand.PST.3SG and he.NOM breeze.ACC take.PST.3SG
4	sea smell.NOM air in be.PST.3SG
5	he.NOM bird hill on song.ACC hear.PST.3SG
6	he memory.NOM he old neighbor to return.PST.3SG and he often say.PST.3SG good day come.FUT.3SG when bay.NOM quiet be.3SG
7	iain.NOM smile.PST.3SG and iain.NOM path along continue.PST.3SG
8	path.NOM upward bend.PST.3SG and wet sand from go.PST.3SG and cliff tall grass into go.PST.3SG
9	every step with cicada hum.NOM loud rise.PST.3SG and hill on stonechat whistle blend.PST.3SG
10	he.NOM ridge crest.ACC reach.PST.3SG where old neighbor cottage.NOM stand.PST.3SG
11	salt and wind.NOM it whitewashed wall.ACC make.PST.3SG but garden.NOM still wild sea~pink and rosemary with burst.PST.3SG
12	iain.NOM stone wall beside pause.PST.3SG and sea big expanse.ACC below look.PST.3SG
13	one.ORD time month in persistent noise.NOM he own mind in water below still feel.PST.3SG
14	he.NOM he jacket pocket into reach.PST.3SG and he finger.NOM brass key.ACC brush.PST.3SG and old man.NOM he to leave.PST.PERF.3SG
15	time.NOM be.PST.3SG and shutter.ACC open.3SG and morning light.NOM in come.3SG and work.ACC they often speak.PST.3SG begin.3SG
16	garden gate on latch.NOM click.PST.3SG and sound.NOM morning air in crisp be.PST.3SG
17	iain.NOM turn.PST.3SG and woman.ACC see.PST.3SG and she.NOM path edge at stand.PST.3SG and canvas bag.ACC and worn walk boot pair.ACC lace beside hold.PST.3SG
18	she.NOM he own year beside be.PST.3SG and she rough cheek.ACC and quiet observant eye.ACC have.PST.3SG
19	i.NOM not mean.PST.3SG you.ACC startle.3SG and she.NOM say.PST.3SG and she voice.NOM soft be.PST.3SG and hill silence.ACC not disturb.3SG
20	i.NOM clara be.3SG
21	i.NOM always you neighbor.ACC he garden with weekend on help.PST.3SG
22	iain.NOM he pocket in key.ACC go.PST.3SG and iain.NOM small welcoming nod.ACC offer.PST.3SG
23	iain
24	he.NOM you speak.PST.3SG
25	he.NOM say.PST.3SG and you.NOM knack.ACC have.PST.3SG and rosemary.ACC sea wind against alive keep.3SG
26	clara.NOM faintly smile.PST.3SG and bay motionless toward look.PST.3SG
27	he.NOM always claim.PST.3SG and bay.NOM town mood.ACC can predict.3SG
28	this morning on he.NOM say.PST.3SG and it.NOM everyone to chance.ACC give.3SG breath.ACC they catch.3SG
29	she.NOM she boot.ACC grass on set.PST.3SG
30	i.NOM hear.PST.3SG and you.NOM house through sort.PST.PROG.3SG come.PST.PROG.3SG
31	it.NOM history lot be.3SG and person one.NOM it.ACC carry.3SG
32	they two.NOM silence in stand.PST.3SG and they.NOM gannet lone.ACC water mirror over glide.3SG watch.PST.3SG and both.NOM shared understanding.ACC have.PST.3SG and some morning.NOM word few require.PST.3SG
33	clara.NOM she canvas bag into reach.PST.3SG and she finger.NOM garden shears and twine shift.PST.3SG and small leather ledger.ACC pull.PST.3SG
34	edge.NOM oil with dark be.PST.3SG
35	he.NOM i to say.PST.3SG you to this.ACC give.3SG when you finally come.PST.3SG and clara.NOM say.PST.3SG and she.NOM beside walk.PST.3SG it.ACC give.3SG
36	he.NOM know.PST.3SG and you.NOM heavy city from burden.ACC carry.PST.PROG.3SG
37	he.NOM always say.PST.3SG and you.NOM future.ACC solve.3SG try.PST.PROG.3SG and present.ACC live.3SG
38	iain.NOM book.ACC take.PST.3SG and leather.NOM he palm against cool be.PST.3SG
39	he.NOM it.ACC page one.ORD at open.PST.3SG and he.NOM crisp slanted neighbor handwriting.ACC recognize.PST.3SG
40	big manifesto.NOM not be.PST.3SG and single note.NOM center across scrawl.PST.3SG and sea.NOM storm.ACC calm make.3SG try.3SG not and it.NOM wind.ACC change.3SG wait.3SG
41	you.NOM permission.ACC give.3SG still be.3SG you own weather.NOM clear.3SG until
42	iain.NOM page from look.PST.3SG and sudden tightness.NOM he chest from leave.PST.3SG
43	clara.NOM simply nod.PST.3SG and he to space.ACC give.PST.3SG word.NOM in sink.3SG
44	tide.NOM slow quiet retreat.ACC begin.PST.PROG.3SG but one.ORD time long time in iain.NOM urge.ACC not feel.PST.3SG rush.3SG
45	iain.NOM heavy oak cottage door to turn.PST.3SG and brass key.NOM old oil lock into fit.PST.3SG
46	mechanism.NOM strong turn with click.PST.3SG and door.NOM inward gentle groan with swing.PST.3SG
47	air.NOM faintly dry lavender and woodsmoke and old paper smell.ACC hold.PST.3SG
48	dust small.NOM thin sunlight shaft in dance.PST.3SG and wood shutter through cut.3SG
49	iain.NOM threshold across walk.PST.3SG and clara.NOM quiet follow.PST.3SG and she eye.NOM familiar room over sweep.PST.3SG
50	big cloth object.NOM heavy kitchen table on squarely sit.PST.3SG and neat stack cedar plank pile.NOM and hand tool box.NOM beside be.PST.3SG
51	top on timber dinghy blueprint.NOM sit.PST.3SG
52	he neighbor.NOM he to house.ACC leave.PST.PERF.3SG not and he.NOM meticulous hand project.ACC he to leave.PST.PERF.3SG and he.NOM he thought.ACC anchor.3SG and he mind.ACC one timber plank on focus.3SG
53	he.NOM old winter timber.ACC collect.PST.PROG.3SG begin.PST.3SG and clara.NOM soft say.PST.3SG and she.NOM table beside walk.PST.3SG
54	he.NOM i to say.PST.3SG and he.NOM it.ACC cut.PST.PROG.3SG and friend.NOM learn.3SG need.PST.3SG object.ACC shore from build.3SG
55	iain.NOM he finger.ACC smooth cedar over run.PST.3SG
56	quiet drama.NOM he grief and exhaustion.ACC feel.PST.3SG manageable and physical task.ACC transform.PST.3SG and it.NOM he hand.ACC wait.3SG
57	iain.NOM blueprint from look.PST.3SG and intricate timber dinghy line.NOM clear path.ACC forward map.PST.3SG
58	he.NOM cedar plank one.ORD.ACC pick.PST.3SG and it weight.NOM he hand in solid be.PST.3SG
59	he.NOM always say.PST.3SG and best way.NOM broken mind.ACC fix.3SG be.PST.3SG and object with work.3SG and it.NOM not argue.3SG and clara.NOM murmur.PST.3SG and small smile.NOM she lip.ACC touch.PST.3SG
60	she.NOM she bag.ACC nearby chair on set.PST.3SG and she.NOM she sleeve.ACC roll.PST.3SG
61	frame.NOM one.ORD set.3SG need.3SG
62	i.NOM can help.3SG and they.ACC place in hold.3SG and you.NOM ready be.3SG begin.3SG
63	iain.NOM timber from open window to look.PST.3SG where salt air scent.NOM slow musty cottage.ACC chase.PST.PROG.3SG
64	frantic overwhelming city pressure.NOM mile.ACC feel.PST.3SG and simple honest fresh wood scent.NOM and quiet new friend presence.NOM it.ACC replace.PST.3SG
65	i.NOM ready be.3SG and iain.NOM say.PST.3SG and he voice.NOM clear be.PST.3SG month in it be.PST.PERF.3SG
66	together they.NOM timber piece one.ORD.ACC sunlight garden into carry.PST.3SG and they.NOM wild rosemary beside grass on work space.ACC set.PST.3SG
67	afternoon.NOM roll.PST.3SG and bay quiet.NOM rhythmic comforting sound.NOM measure and saw and steady hammer tap with punctuate.PST.3SG
68	one.ORD time iain.NOM hour more and day more to look.PST.PROG.3SG not and he.NOM exactly he need.PST.3SG where be.3SG
69	month six later sea big bay.NOM calm be.PST.3SG and mirror be.PST.3SG morning iain.NOM one.ORD arrive.PST.PERF.3SG
70	complete timber build dinghy.NOM water edge at rest.PST.3SG and it fresh marine varnish coat.NOM soft morning sun under gleam.PST.3SG
71	rich cedar scent.NOM familiar salt air with blend.PST.3SG
72	clara.NOM bow beside stand.PST.3SG and launch line.ACC hold.PST.PROG.3SG while iain.NOM stern at he place.ACC take.PST.3SG and he hand.NOM callous and strong be.PST.3SG
73	heavy burden.NOM he city from carry.PST.PERF.3SG lift.PST.PERF.3SG and steady shore rhythm.NOM it.ACC replace.PST.PERF.3SG
74	she.NOM ready be.3SG and clara.NOM say.PST.3SG and she quiet observant eye.NOM water blue.ACC reflect.PST.PROG.3SG
75	tide.NOM perfect be.3SG
76	wood keel.NOM smooth wet sand over slide.PST.3SG and calm sea big into go.PST.3SG
77	boat.NOM effortlessly float.PST.3SG and gentle natural grace with bob.PST.PROG.3SG
78	iain.NOM walk.PST.3SG and cedar plank.NOM he boot under solid be.PST.3SG and he.NOM oar.ACC he hand beside carve.PST.PERF.3SG take.PST.3SG
79	he.NOM back pull.PST.3SG and glassy expanse into row.PST.PROG.3SG and rhythmic blade dip.NOM only sound.NOM be.PST.3SG and hill silence.ACC break.PST.PROG.3SG
80	iain.NOM back weathered whitewashed ridge on cottage to look.PST.3SG and he.NOM realize.PST.3SG and he neighbor.NOM right be.PST.PERF.3SG and he.NOM boat.ACC build.PST.PERF.3SG not and he.NOM new way.ACC live.3SG build.PST.PERF.3SG
81	destination.NOM they winter speak.PST.PERF.3SG be.PST.3SG gull island.NOM and small craggy outcrop.NOM three mile.ACC open water across and where old stone beacon ruin.NOM stand.PST.3SG
82	iain.NOM oar on pull.PST.3SG and dinghy.NOM smooth glassy water through glide.PST.3SG
83	rhythmic rowlock creak.NOM and soft blade splash.NOM only sound.NOM be.PST.3SG quiet morning air in
84	clara.NOM bow in sit.PST.3SG and distant shore landmark with navigate.PST.PROG.3SG and weathered ridge on cottage.NOM every stroke with small get.PST.PROG.3SG
85	half bay across water.NOM blue deep brilliant clear turquoise shift.PST.3SG and they.NOM shallow sandbar over pass.PST.3SG
86	iain.NOM pause.PST.3SG and boat.ACC drift.3SG make.3SG and water into below look.PST.3SG
87	tiny sand eel school.NOM cedar plank under dart.PST.3SG and completely visible pristine sea in be.PST.3SG
88	constant frantic noise.NOM city in he mind.ACC plague.PST.3SG and entirely go.PST.PERF.3SG and simple physical ocean reality.NOM it.ACC replace.PST.PERF.3SG
89	current.NOM east to pull.3SG begin.PST.PROG.3SG and clara.NOM say.PST.3SG and she.NOM island dark cliff between narrow gravelly slipway toward point.PST.PROG.3SG
90	rock in gap.ACC aim.3SG
91	shelter land spot.NOM beacon below be.3SG
92	iain.NOM nod.PST.3SG and he.NOM smooth wood handle on grip.ACC adjust.PST.PROG.3SG
93	strong deliberate stroke few with he.NOM boat.ACC island lee calm water into guide.PST.3SG
94	keel.NOM soft white beach shingle against scrape.PST.3SG and clara.NOM shallow surf into walk.PST.3SG line.ACC secure.3SG
95	they.NOM it.ACC make.PST.PERF.3SG
96	they.NOM launch line.ACC securely rusty iron ring.ACC tie.PST.3SG and shoreline rock in embed.PST.PERF.3SG
97	together iain.NOM and clara.NOM narrow overgrown path.ACC climb.PST.3SG and gull island cliff above bend.PST.3SG and crumble stone beacon toward go.PST.PROG.3SG
98	air.NOM above cool be.PST.3SG and wild thyme crisp scent and loud echo nest seabird cry with fill.PST.PERF.3SG
99	beacon.NOM weathered grey granite hollow shell.NOM be.PST.3SG
100	it roof.NOM decade ago collapse.PST.PERF.3SG and interior.ACC sky to open leave.PST.PERF.3SG but thick wall.NOM still sea big breeze from shelter.ACC offer.PST.3SG
101	iain.NOM arch doorway through walk.PST.3SG and he boot.NOM gravel and fall mortar on crunch.PST.3SG
102	heavy stone pedestal.NOM ruin center in sit.PST.3SG and it.NOM once beacon light.ACC hold.PST.PERF.3SG
103	deep protected niche.NOM pedestal base at tuck.PST.PERF.3SG and unexpected object.NOM rusty waterproof metal ammunition box.NOM be.PST.3SG
104	clara.NOM it beside kneel.PST.3SG and dry moss layer.ACC brush.PST.3SG
105	you neighbor.NOM every autumn row.PST.3SG and she.NOM whisper.PST.3SG and she.NOM iain.ACC above look.PST.3SG
106	he.NOM i to say.PST.3SG and he.NOM sea behaviour log.ACC fifty year across keep.PST.3SG
107	i.NOM think.3SG and this.NOM he hide.PST.3SG where be.3SG
108	rusty latch.NOM stiff creak with give.PST.3SG way.ACC
109	logbook.NOM oilcloth in tight wrap.PST.PERF.3SG be.PST.3SG not and small leather pouch.NOM be.PST.3SG
110	iain.NOM cloth.ACC carefully open.PST.3SG and weathered journal.ACC reveal.PST.3SG and dense elegant tide and weather pattern and boat design diagram with fill.PST.PERF.3SG and it under brass pocket compass.ACC iain own initial.ACC engrave.PST.PERF.3SG
111	he neighbor.NOM he to this journey.ACC plan.PST.PERF.PROG.3SG and iain.NOM he city.ACC escape.3SG need.PST.3SG know.PST.3SG
