index,english,hipke,romanization
1,The sun was rising above the ocean.,usʧɛʧiʂ jikah wiçej aɔkailɔʂlɛ,uschëchiṣ yikah wishey aökailöṣlë
2,"The water was calm, without movement, like a large blue mirror.",kaçiçoʧʧiʂ ʂapo jɛnilɛ jonuk poe ɔlʂu ion jɛnilɛ,kashishochchiṣ ṣapo yënilë yonuk poe ölṣu ion yënilë
3,"Iain stood on the shore, taking in the breeze.",raraʧiʂ kel he aʂaiilɛ jonuk sukɔp honio teeilɛ,rarachiṣ kel he aṣaiilë yonuk suköp honio teeilë
4,The smell of the sea was in the air.,niu suarʧiʂ ʔɔta ʂiɛ jɛnilɛ,niu suarchiṣ ʻöta ṣië yënilë
5,He heard the singing of the birds on the hill.,sukɔp polu ɔtʧe he siʂao jɛiçɔʧilɛ,suköp polu ötche he siṣao yëishöchilë
6,"His memory returned to his elderly neighbor, who used to say that there will be a good day when the bay is quiet.",sukɔp sisʧiʂ sukɔp sɛɔo ʧeiʧ aʔe akuilɛ jonuk sukɔp tini rɛilɛ uhɛɔ se ʔaɔwelɛ kɔetʂis kɔʂuhɔʔʧiʂ ʔɔjʂawin jɛnlɛ,suköp sischiṣ suköp sëöo cheich aʻe akuilë yonuk suköp tini rëilë uhëö se ʻaöwelë köetṣis köṣuhöʻchiṣ ʻöyṣawin yënlë
7,Iain smiled and continued along the path.,raraʧiʂ inilɛ jonuk raraʧiʂ hauk awus lawilɛ,rarachiṣ inilë yonuk rarachiṣ hauk awus lawilë
8,"The path wound upward, away from the wet sand and into the tall, dew-kissed grass of the cliffside.",haukʧiʂ ikɛ wɛɛilɛ jonuk ʂaʔjɛe werçi ʧoka ereeilɛ jonuk ʧoi ʧilru kɔjaʂɔ hɔp ereeilɛ,haukchiṣ ikë wëëilë yonuk ṣaʻyëe wershi choka ereeilë yonuk choi chilru köyaṣö höp ereeilë
9,"With every step, the rhythmic hum of the cicadas grew louder, blending with the distant, melodic whistling of the stonechats nesting on the hill.",uk hɛʧjɛp ʂɔhpuç aɛʔɔ ɔnɛʂʧiʂ sihto aɔkailɛ jonuk ɔtʧe he ɔ kele haʔilɛ,uk hëchyëp ṣöhpush aëʻö önëṣchiṣ sihto aökailë yonuk ötche he ö kele haʻilë
10,He reached the crest of the ridge where his neighbor's old cottage stood.,sukɔp hintanɔl ɛjo ʂɔilɛ jea sɛɔo ʧeiʧ jɛtɛʧiʂ aʂaiilɛ,suköp hintanöl ëyo ṣöilë yea sëöo cheich yëtëchiṣ aṣaiilë
11,"Its whitewashed walls were weathered by decades of salt and wind, but the garden was still bursting with wild sea pinks and rosemary.",hɛça jonuk liɔpewʧiʂ nereo haçi eeeo ʂaçɔsojilɛ keçʂi ʔiʧaʧiʂ poʧʔoç ʔaɛl talitni jonuk iç ʂɔhpuç kujʧatɔilɛ,hësha yonuk liöpewchiṣ nereo hashi eeeo ṣashösoyilë keshṣi ʻichachiṣ pochʻosh ʻaël talitni yonuk ish ṣöhpush kuychatöilë
12,"Iain paused by the stone wall, looking back down at the vast, glassy expanse of the Atlantic.",raraʧiʂ noʧ eee has unohʂosilɛ jonuk niu poe ɔwuio tɔʧi kɛçsiilɛ,rarachiṣ noch eee has unohṣosilë yonuk niu poe öwuio töchi këshsiilë
13,"For the first time in months, the persistent noise in his own mind felt as still as the water below.",hiçu usle nut ʂiɛ ilɛ ʧiuʧiʂ sukɔp kɔ çiʂ ʂiɛ kaçiçoʧ tɔʧi poʧʔoç popilɛ,hishu usle nut ṣië ilë chiuchiṣ suköp kö shiṣ ṣië kashishoch töchi pochʻosh popilë
14,"He reached into his jacket pocket, his fingers brushing against the brass key the old man had left him.",sukɔp sukɔp tɛçeʔu teɔla hɔp ʂɔilɛ jonuk sukɔp ʂɛʧiʂ ʂowçolaʔ jito nanpeɔhilɛ jonuk sɛɔo raʧoʧiʂ sukɔp aʔe rɔsowiʧollɛ,suköp suköp tësheʻu teöla höp ṣöilë yonuk suköp ṣëchiṣ ṣowsholaʻ yito nanpeöhilë yonuk sëöo rachochiṣ suköp aʻe rösowichollë
15,"It was time to open the shutters, let the morning light in, and begin the work they had so often talked about.",usleʧiʂ jɛnilɛ jonuk keʔçawo wowaahlɛ jonuk kaʂa huʧiʂ ʂiɛ ɔwelɛ jonuk iinio ho tini wulilɛ sulɛ,uslechiṣ yënilë yonuk keʻshawo wowaahlë yonuk kaṣa huchiṣ ṣië öwelë yonuk iinio ho tini wulilë sulë
16,"The latch on the garden gate clicked, the sound crisp in the morning air.",ʔiʧa lak he wesaʧɛʧiʂ ɔhɛhilɛ jonuk rɔʧiʂ kaʂa ʔɔta ʂiɛ toru jɛnilɛ,ʻicha lak he wesachëchiṣ öhëhilë yonuk röchiṣ kaṣa ʻöta ṣië toru yënilë
17,"Iain turned to see a woman standing at the edge of the path, holding a canvas tote bag and a pair of worn walking boots by the laces.",raraʧiʂ siilɛ jonuk ʔito eaeilɛ jonuk ʂuutʔɛt hauk pisʂɔ jɔʂaɔ aʂaiilɛ jonuk wuhɛ ʔopɛo jonuk oora eʧʧo tɛra nuh lɛʂ has aloilɛ,rarachiṣ siilë yonuk ʻito eaeilë yonuk ṣuutʻët hauk pisṣö yöṣaö aṣaiilë yonuk wuhë ʻopëo yonuk oora echcho tëra nuh lëṣ has aloilë
18,"She looked to be around his own age, with wind-roughened cheeks and a quiet, observant look in her eyes.",ʂuutʔɛt sukɔp kɔ rek has jɛnilɛ jonuk ʂuutʔɛt itʧujuk çɔojoo jonuk ʔɔjʂawin ʔɔ wɔo awuçailɛ,ṣuutʻët suköp kö rek has yënilë yonuk ṣuutʻët itchuyuk shöoyoo yonuk ʻöyṣawin ʻö wöo awushailë
19,"""I didn't mean to startle you,"" she said, her voice soft so as not to disturb the silence of the hill.",eɛk urɛ powilihilɛ len wurhɛrɔlɛ jonuk ʂuutʔɛt rɛilɛ jonuk ʂuutʔɛt aʧijʧuʧiʂ weçɔw jɛnilɛ jonuk ɔtʧe opiɛwo urɛ ɔplɛ,eëk urë powilihilë len wurhërölë yonuk ṣuutʻët rëilë yonuk ṣuutʻët achiychuchiṣ weshöw yënilë yonuk ötche opiëwo urë öplë
20,"""I'm Clara.",eɛk kɔtɔwi jɛnlɛ,eëk kötöwi yënlë
21,"I used to help your neighbor with his garden on weekends.""",eɛk sa len ʧeiʧo sukɔp ʔiʧa ʂɔhpuç wuk he runilɛ,eëk sa len cheicho suköp ʻicha ṣöhpush wuk he runilë
22,"Iain let go of the key in his pocket and offered a small, welcoming nod.",raraʧiʂ sukɔp teɔla ʂiɛ jito ereeilɛ jonuk raraʧiʂ ɔk wohɛ kuwe çenilɛ,rarachiṣ suköp teöla ṣië yito ereeilë yonuk rarachiṣ ök wohë kuwe shenilë
23,"""Iain.",rara,rara
24,He spoke about you.,sukɔp len wulilɛ,suköp len wulilë
25,"He said you had a knack for keeping the rosemary alive against the sea wind.""",sukɔp rɛilɛ jonuk len ipɛto awuçailɛ jonuk iço niu liɔpew ʧa jojo nolɛ,suköp rëilë yonuk len ipëto awushailë yonuk isho niu liöpew cha yoyo nolë
26,"Clara smiled faintly, looking past him toward the motionless bay.",kɔtɔwiʧiʂ ʂuʂʂuw inilɛ jonuk kɔʂuhɔʔ ʔokuʔe ʔɛje kɛçsiilɛ,kötöwichiṣ ṣuṣṣuw inilë yonuk köṣuhöʻ ʻokuʻe ʻëye këshsiilë
27,"""He always claimed the bay could predict the mood of the town.",sukɔp sa kurilɛ jonuk kɔʂuhɔʔʧiʂ ruʔ ekɛʧo iʔ teɔlɛ,suköp sa kurilë yonuk köṣuhöʻchiṣ ruʻ ekëcho iʻ teölë
28,"On mornings like this, he said, it's giving everyone a chance to catch their breath.""",ɔn kaʂa he sukɔp rɛilɛ jonuk nereo rapɔke aʔe laʔoo pulɛ ɛo ho awlɛ,ön kaṣa he suköp rëilë yonuk nereo rapöke aʻe laʻoo pulë ëo ho awlë
29,She set her boots down on the grass.,ʂuutʔɛt ʂuutʔɛt tɛrao kɔjaʂɔ he nɔiuilɛ,ṣuutʻët ṣuutʻët tërao köyaṣö he nöiuilë
30,"""I heard you were coming down to sort through the house.",eɛk jɛiçɔʧilɛ jonuk len sewɔ jet hoʔensoilɔʂlɛ ɔweilɔʂlɛ,eëk yëishöchilë yonuk len sewö yet hoʻensoilöṣlë öweilöṣlë
31,"It's a lot of history for one person to carry.""",nereo ɛkɔ iʂ jɛnlɛ jonuk ʔo hiç nereo iʂeawlɛ,nereo ëkö iṣ yënlë yonuk ʻo hish nereo iṣeawlë
32,"The two of them stood in silence for a moment, watching a lone gannet glide effortlessly over the mirror-like water, both grateful for the shared understanding that some mornings required very few words.",ho re opiɛw ʂiɛ aʂaiilɛ jonuk ho ranei ço kaçiçoʧ ion rer sehlɛ ʔɛhwailɛ jonuk ʧɛr ip aeo awuçailɛ jonuk uluw kaʂaʧiʂ ʧujij tise kailɛ,ho re opiëw ṣië aṣaiilë yonuk ho ranei sho kashishoch ion rer sehlë ʻëhwailë yonuk chër ip aeo awushailë yonuk uluw kaṣachiṣ chuyiy tise kailë
33,"Clara reached into her canvas tote bag, her fingers shifting past garden shears and twine before pulling out a small, leather-bound ledger.",kɔtɔwiʧiʂ ʂuutʔɛt wuhɛ ʔopɛ hɔp ʂɔilɛ jonuk ʂuutʔɛt ʂɛʧiʂ ʔiʧa loɛ jonuk pɔap ɔnaruilɛ jonuk ɔk il ɛʂiʔʧijo jilɛnlɔkilɛ,kötöwichiṣ ṣuutʻët wuhë ʻopë höp ṣöilë yonuk ṣuutʻët ṣëchiṣ ʻicha loë yonuk pöap önaruilë yonuk ök il ëṣiʻchiyo yilënlökilë
34,The edges were dark with oil from frequent handling.,pisʂɔʧiʂ lɔloʂ ʂɔhpuç puuʔ jɛnilɛ,pisṣöchiṣ löloṣ ṣöhpush puuʻ yënilë
35,"""He told me to give you this when you finally arrived,"" Clara said, stepping closer to hand it over.",sukɔp eɛk aʔe rɛilɛ len aʔe ɔn pulɛ kɔetʂis len tiça ɔweilɛ jonuk kɔtɔwiʧiʂ rɛilɛ jonuk ʂuutʔɛt has eʧʧoilɛ nereo pulɛ,suköp eëk aʻe rëilë len aʻe ön pulë köetṣis len tisha öweilë yonuk kötöwichiṣ rëilë yonuk ṣuutʻët has echchoilë nereo pulë
36,"""He knew you were carrying a heavy burden from the city.",sukɔp jorilɛ jonuk len atuj ruo ʧoka joweo iʂeawilɔʂlɛ,suköp yorilë yonuk len atuy ruo choka yoweo iṣeawilöṣlë
37,"He always said you were trying to solve the future before living the present.""",sukɔp sa rɛilɛ jonuk len lɔio ujɛʂlɛ ʂelɛilɔʂlɛ jonuk loʔhio lɔʂçunlɛ,suköp sa rëilë yonuk len löio uyëṣlë ṣelëilöṣlë yonuk loʻhio löṣshunlë
38,"Iain took the book, the leather cool against his palm.",raraʧiʂ hoʔo teeilɛ jonuk ilʧiʂ sukɔp i ʧa ijesun jɛnilɛ,rarachiṣ hoʻo teeilë yonuk ilchiṣ suköp i cha iyesun yënilë
39,"He flipped it open to the first page, recognizing his neighbor's sharp, slanted handwriting.",sukɔp nereo on hiçu jɔʂaɔ wowaahilɛ jonuk sukɔp toru pepe ʧeiʧ esɛɔo netilɛ,suköp nereo on hishu yöṣaö wowaahilë yonuk suköp toru pepe cheich esëöo netilë
40,"There was no grand manifesto, just a single note scrawled across the center: ""The sea doesn't try to calm the storm; it simply waits for the wind to change.",poe ʧuʧiʂ urɛ jɛnilɛ jonuk sota usaʧiʂ wuʔtɔw iua ipwoilɛ jonuk niuʧiʂ ɛɔʧnɔo ʂapo ʂaçɔsojlɛ ʂelɛlɛ urɛ jonuk nereo liɔpewo taoolɛ uɔkolɛ,poe chuchiṣ urë yënilë yonuk sota usachiṣ wuʻtöw iua ipwoilë yonuk niuchiṣ ëöchnöo ṣapo ṣashösoylë ṣelëlë urë yonuk nereo liöpewo taoolë uökolë
41,"Give yourself permission to be still until your own weather clears.""",len niʧɔoho pulɛ poʧʔoç jɛnlɛ len kɔ opuʧiʂ lɛslɛ aaut,len nichöoho pulë pochʻosh yënlë len kö opuchiṣ lëslë aaut
42,"Iain looked up from the page, a sudden tightness clearing from his chest.",raraʧiʂ on ʧoka kɛçsiilɛ jonuk çiʧʂa nɔwlɛsnekʧiʂ sukɔp iwɛn ʧoka rɔsowilɛ,rarachiṣ on choka këshsiilë yonuk shichṣa nöwlësnekchiṣ suköp iwën choka rösowilë
43,"Clara simply nodded, giving him the space to let the words sink in.",kɔtɔwiʧiʂ ʔek kuweilɛ jonuk sukɔp aʔe kɛʔo puilɛ ʧujijʧiʂ ʂiɛ juinlɛ,kötöwichiṣ ʻek kuweilë yonuk suköp aʻe këʻo puilë chuyiychiṣ ṣië yuinlë
44,"The tide was beginning its slow, silent retreat, but for the first time in a very long time, Iain felt no urge to rush after it.",ɔkiatʧiʂ ulu ʔɔjʂawin çɛçɛwo suiɛʔlɛ keçʂi hiçu usle ʂɛoɛ usle ʂiɛ raraʧiʂ ʔaʂaço urɛ popilɛ wanalɛ,ökiatchiṣ ulu ʻöyṣawin shëshëwo suiëʻlë keshṣi hishu usle ṣëoë usle ṣië rarachiṣ ʻaṣasho urë popilë wanalë
45,"Iain turned to the heavy oak door of the cottage, the brass key fitting perfectly into the old, oiled lock.",raraʧiʂ atuj pusɔjɔl jɛtɛ sonɔni aʔe siilɛ jonuk ʂowçolaʔ jitʧiʂ sɛɔo lɔloʂ çuras hɔp ɛjililɛ,rarachiṣ atuy pusöyöl yëtë sonöni aʻe siilë yonuk ṣowsholaʻ yitchiṣ sëöo löloṣ shuras höp ëyililë
46,"With a firm turn, the mechanism clicked open, and the door swung inward with a gentle groan.",ʂɔkhaʧiʂ çɛʂɔs si ʂɔhpuç ɔhɛhilɛ jonuk sonɔniʧiʂ ʧapur çeheʧɛ ɔʂɛɛ ʂɔhpuç liilɛ,ṣökhachiṣ shëṣös si ṣöhpush öhëhilë yonuk sonönichiṣ chapur shehechë öṣëë ṣöhpush liilë
47,"The air inside smelled faintly of dried lavender, woodsmoke, and old paper.",ʔɔtaʧiʂ ʂuʂʂuw ʔɔw haçɛh jonuk ça jonuk sɛɔo kepi suaro aloilɛ,ʻötachiṣ ṣuṣṣuw ʻöw hashëh yonuk sha yonuk sëöo kepi suaro aloilë
48,Dust motes danced in the thin shafts of sunlight cutting through the wooden shutters.,ruhe ɔk jɛ rolhu wɛwʔa ʂiɛ ɔiilɛ jonuk ee keʔçaw jet uoslɛ,ruhe ök yë rolhu wëwʻa ṣië öiilë yonuk ee keʻshaw yet uoslë
49,"As Iain stepped across the threshold, Clara followed quietly, her eyes sweeping over the familiar living room.",raraʧiʂ pɛlo iua eʧʧoilɛ jonuk kɔtɔwiʧiʂ ʔɔjʂawin aʂniilɛ jonuk ʂuutʔɛt wɔʧiʂ ɛto nuʧil rer ujilɛ,rarachiṣ pëlo iua echchoilë yonuk kötöwichiṣ ʻöyṣawin aṣniilë yonuk ṣuutʻët wöchiṣ ëto nuchil rer uyilë
50,"Sitting squarely on the heavy kitchen table was a large, cloth-wrapped object, alongside a neatly stacked pile of cedar planks and a box of hand tools.",poe ko waçjoʔʧiʂ atuj ne at he uɛ jenahirilɛ jonuk ʔutiʧ aeɔn juratɔç puʂ jeʧiʂ jonuk wɛrɔʧo wi ʧeɛʧiʂ has jɛnilɛ,poe ko washyoʻchiṣ atuy ne at he uë yenahirilë yonuk ʻutich aeön yuratösh puṣ yechiṣ yonuk wëröcho wi cheëchiṣ has yënilë
51,Placed right on top was a blueprint for a clinker-built wooden dinghy.,uço he tu uɔ tiluʧiʂ jenahirilɛ,usho he tu uö tiluchiṣ yenahirilë
52,"His neighbor hadn't just left him a house; he had left him a meticulous, hands-on project to build, a way to anchor his thoughts and focus his mind on one plank of wood at a time.",sukɔp ʧeiʧʧiʂ sukɔp aʔe sewɔo rɔsowiʧollɛ urɛ jonuk sukɔp rieɔr wɛrɔʧo ranɔo sukɔp aʔe rɔsowiʧollɛ jonuk sukɔp sukɔp ɔʧo iʂiçlɛ jonuk sukɔp çiʂo hiç tu puʂ he eiʔlɛ,suköp cheichchiṣ suköp aʻe sewöo rösowichollë urë yonuk suköp rieör wëröcho ranöo suköp aʻe rösowichollë yonuk suköp suköp öcho iṣishlë yonuk suköp shiṣo hish tu puṣ he eiʻlë
53,"""He started collecting the timber last winter,"" Clara said softly, stepping up beside the table.",sukɔp sɛɔo çonkij tuo wajçuiɛʔlɛ suilɛ jonuk kɔtɔwiʧiʂ weçɔw rɛilɛ jonuk ʂuutʔɛt at has eʧʧoilɛ,suköp sëöo shonkiy tuo wayshuiëʻlë suilë yonuk kötöwichiṣ weshöw rëilë yonuk ṣuutʻët at has echchoilë
54,"""He told me he was cutting it for a friend who needed to learn how to build something from the shore up.""",sukɔp eɛk aʔe rɛilɛ jonuk sukɔp nereo uosilɔʂlɛ jonuk kɔkowenʧiʂ ipulɛ piapilɛ waçjoʔo kel ʧoka sawiçɔçlɛ,suköp eëk aʻe rëilë yonuk suköp nereo uosilöṣlë yonuk kökowenchiṣ ipulë piapilë washyoʻo kel choka sawishöshlë
55,Iain ran his fingers over the smooth cedar.,raraʧiʂ sukɔp ʂɛo na juratɔç rer poçokʔeilɛ,rarachiṣ suköp ṣëo na yuratösh rer poshokʻeilë
56,"The quiet drama of his grief and exhaustion felt manageable here, transformed into a physical task waiting for his hands.",ʔɔjʂawin tɛʧiʂ sukɔp siɔ jonuk juʔçio popilɛ riwwu jonuk sɛɛ euo lasɔhilɛ jonuk nereo sukɔp wɛrɔʧoo uɔkolɛ,ʻöyṣawin tëchiṣ suköp siö yonuk yuʻshio popilë riwwu yonuk sëë euo lasöhilë yonuk nereo suköp wëröchoo uökolë
57,"Iain looked up from the blueprint, the intricate lines of the clinker-built dinghy mapping out a clear path forward.",raraʧiʂ tilu ʧoka kɛçsiilɛ jonuk tɛkhi tu uɔ ʔutʧesuʂʧiʂ lɛs hauko ʂu ujauilɛ,rarachiṣ tilu choka këshsiilë yonuk tëkhi tu uö ʻutchesuṣchiṣ lës hauko ṣu uyauilë
58,"He picked up the first cedar plank, its weight solid and grounding in his hands.",sukɔp juratɔç puʂ hiç riʔoilɛ jonuk nereo ʧuhʧiʂ sukɔp wɛrɔʧo ʂiɛ nɛçɔtit jɛnilɛ,suköp yuratösh puṣ hish riʻoilë yonuk nereo chuhchiṣ suköp wëröcho ṣië nëshötit yënilë
59,"""He always said the best way to fix a broken mind was to work with something that doesn't argue back,"" Clara murmured, a small smile touching her lips.",sukɔp sa rɛilɛ jonuk lɛne jɔwʧiʂ os çiʂo ijlɛ jɛnilɛ jonuk waçjoʔ ʂɔhpuç iinilɛ jonuk nereo urɛ jetʔilɛ jonuk kɔtɔwiʧiʂ ɛtkuhtɛilɛ jonuk ɔk in ʂuutʔɛt ʂaçɛto oiilɛ,suköp sa rëilë yonuk lëne yöwchiṣ os shiṣo iylë yënilë yonuk washyoʻ ṣöhpush iinilë yonuk nereo urë yetʻilë yonuk kötöwichiṣ ëtkuhtëilë yonuk ök in ṣuutʻët ṣashëto oiilë
60,She set her tote bag on a nearby chair and rolled up her sleeves.,ʂuutʔɛt ʂuutʔɛt ʔopɛo aʧa kɔli he nɔiuilɛ jonuk ʂuutʔɛt ʂuutʔɛt hɛo taoilɛ,ṣuutʻët ṣuutʻët ʻopëo acha köli he nöiuilë yonuk ṣuutʻët ṣuutʻët hëo taoilë
61,"""The frames need to be set first.",jɛrʧiʂ hiçu nɔiulɛ piaplɛ,yërchiṣ hishu nöiulë piaplë
62,"I can help hold them in place if you're ready to begin.""",eɛk iʔ runlɛ jonuk ho ɔh ʂiɛ alolɛ jonuk len puço jɛnlɛ sulɛ,eëk iʻ runlë yonuk ho öh ṣië alolë yonuk len pusho yënlë sulë
63,"Iain looked from the timber to the open window, where the scent of the salt air was slowly chasing away the mustiness of the closed-up cottage.",raraʧiʂ tu ʧoka wowaah puta aʔe kɛçsiilɛ jea hɛça ʔɔta siʧʧiʂ ulu urawkɛ jɛtɛo osehiɛʔlɛ,rarachiṣ tu choka wowaah puta aʻe këshsiilë yea hësha ʻöta sichchiṣ ulu urawkë yëtëo osehiëʻlë
64,"The frantic, overwhelming pressure of the city felt miles away, replaced by the simple, honest scent of fresh wood and the quiet presence of a new friend.",ɛʔoʔ wo ruo kɔʂuʧiʂ çoʧpiko popilɛ jonuk io pou as ee siʧʧiʂ jonuk ʔɔjʂawin ɔʧu kɔkowen jeluoʧiʂ nereo ʧɔulilɛ,ëʻoʻ wo ruo köṣuchiṣ shochpiko popilë yonuk io pou as ee sichchiṣ yonuk ʻöyṣawin öchu kökowen yeluochiṣ nereo chöulilë
65,"""I'm ready,"" Iain said, his voice clearer than it had been in months.",eɛk puço jɛnlɛ jonuk raraʧiʂ rɛilɛ jonuk sukɔp aʧijʧuʧiʂ lɛs jɛnilɛ nut ʂiɛ nereo jɛniʧollɛ,eëk pusho yënlë yonuk rarachiṣ rëilë yonuk suköp achiychuchiṣ lës yënilë nut ṣië nereo yënichollë
66,"Together, they carried the first pieces of timber out into the sunlit garden, setting up a makeshift workspace on the grass beside the wild rosemary.",nɛʧtɔ ho tu ʂire hiç rolhu ʔiʧa hɔp iʂeawilɛ jonuk ho ʔaɛl iç has kɔjaʂɔ he iini kɛʔo nɔiuilɛ,nëchtö ho tu ṣire hish rolhu ʻicha höp iṣeawilë yonuk ho ʻaël ish has köyaṣö he iini këʻo nöiuilë
67,"As the afternoon rolled in, the quiet of the bay was punctuated by the rhythmic, comforting sounds of measuring, sawing, and the steady tap of a hammer.",naçhuʧiʂ taoilɛ jonuk kɔʂuhɔʔ ʔɔjʂawin tɔ ɛeʔnɔ rɔʧiʂ we jonuk ʧier jonuk ʧɔr ap ɛrlu ʂɔhpuç ɛçeilɛ,nashhuchiṣ taoilë yonuk köṣuhöʻ ʻöyṣawin tö ëeʻnö röchiṣ we yonuk chier yonuk chör ap ërlu ṣöhpush ësheilë
68,"For the first time, Iain wasn't looking ahead to the next hour or the next day; he was exactly where he needed to be.",hiçu usle raraʧiʂ oʔku tuti jonuk se tuti aʔe kɛçsiiɛʔlɛ urɛ jonuk sukɔp ʔɛs sukɔp piapilɛ jea jɛnlɛ,hishu usle rarachiṣ oʻku tuti yonuk se tuti aʻe këshsiiëʻlë urë yonuk suköp ʻës suköp piapilë yea yënlë
69,"Six months later, the Atlantic bay was just as calm and mirror-like as the morning Iain had first arrived.",nut içir ʂulih niu poe kɔʂuhɔʔʧiʂ ʂapo jɛnilɛ jonuk ion jɛnilɛ kaʂa raraʧiʂ hiçu çukiʧollɛ,nut ishir ṣulih niu poe köṣuhöʻchiṣ ṣapo yënilë yonuk ion yënilë kaṣa rarachiṣ hishu shukichollë
70,"The completed clinker-built dinghy rested at the water's edge, its fresh coat of marine varnish gleaming under the soft morning sun.",waʂi tu sawiçɔç uɔʧiʂ kaçiçoʧ pisʂɔ jɔʂaɔ tuukʧɛilɛ jonuk nereo as açʂɛ heu rojuhiʧiʂ weçɔw kaʂa usʧɛ sihwo ulʔesuilɛ,waṣi tu sawishösh uöchiṣ kashishoch pisṣö yöṣaö tuukchëilë yonuk nereo as ashṣë heu royuhichiṣ weshöw kaṣa uschë sihwo ulʻesuilë
71,The rich scent of cedar blended with the familiar salt air.,ʧi juratɔç siʧʧiʂ ɛto hɛça ʔɔta ʂɔhpuç haʔilɛ,chi yuratösh sichchiṣ ëto hësha ʻöta ṣöhpush haʻilë
72,"Clara stood by the bow, holding the launch line, while Iain took his place at the stern, his hands calloused and strong from half a year of honest labor.",kɔtɔwiʧiʂ ɛon has aʂaiilɛ jonuk aʔiʔʔɔs ʔutʧesuʂo aloiɛʔlɛ iu raraʧiʂ ɛʧɛ jɔʂaɔ sukɔp ɔho teeilɛ jonuk sukɔp wɛrɔʧoʧiʂ eonçi jonuk çɛʂɔs jɛnilɛ,kötöwichiṣ ëon has aṣaiilë yonuk aʻiʻʻös ʻutchesuṣo aloiëʻlë iu rarachiṣ ëchë yöṣaö suköp öho teeilë yonuk suköp wëröchochiṣ eonshi yonuk shëṣös yënilë
73,"The heavy burden he had carried from the city had lifted, replaced by the steady rhythm of the shore.",atuj joweʧiʂ sukɔp ruo ʧoka iʂeawiʧollɛ rɔʂeiajlɛ jonuk ʧɔr kel ʂɔʔɔwʧiʂ nereo ʧɔuliʧollɛ,atuy yowechiṣ suköp ruo choka iṣeawichollë röṣeiaylë yonuk chör kel ṣöʻöwchiṣ nereo chöulichollë
74,"""She's ready,"" Clara said, her quiet, observant eyes reflecting the blue of the water.",ʂuutʔɛt puço jɛnlɛ jonuk kɔtɔwiʧiʂ rɛilɛ jonuk ʂuutʔɛt ʔɔjʂawin ʔɔ wɔʧiʂ kaçiçoʧ ɔlʂu kihreʂiɛʔlɛ,ṣuutʻët pusho yënlë yonuk kötöwichiṣ rëilë yonuk ṣuutʻët ʻöyṣawin ʻö wöchiṣ kashishoch ölṣu kihreṣiëʻlë
75,"""The tide is perfect.""",ɔkiatʧiʂ iʔɛɔʧ jɛnlɛ,ökiatchiṣ iʻëöch yënlë
76,"With a coordinated push, the wooden keel slid smoothly over the wet sand and into the calm Atlantic.",ee ʧɔweaʧiʂ na ʂaʔjɛe werçi rer roplulilɛ jonuk ʂapo niu poe hɔp ereeilɛ,ee chöweachiṣ na ṣaʻyëe wershi rer roplulilë yonuk ṣapo niu poe höp ereeilë
77,"The boat floated effortlessly, bobbing with a gentle, natural grace.",jejʧiʂ pan ʧiukilɛ jonuk çeheʧɛ çatonlɔ awsɔʔ ʂɔhpuç ʔutiɛʔlɛ,yeychiṣ pan chiukilë yonuk shehechë shatonlö awsöʻ ṣöhpush ʻutiëʻlë
78,"Iain stepped aboard, the cedar planks solid beneath his boots, and took up the oars he had carved by hand.",raraʧiʂ eʧʧoilɛ jonuk juratɔç puʂʧiʂ sukɔp tɛra sihwo nɛçɔtit jɛnilɛ jonuk sukɔp okʔoo sukɔp wɛrɔʧo has oɔeʂiajlɛ teeilɛ,rarachiṣ echchoilë yonuk yuratösh puṣchiṣ suköp tëra sihwo nëshötit yënilë yonuk suköp okʻoo suköp wëröcho has oöeṣiaylë teeilë
79,"As he pulled back, rowing out into the glassy expanse, the rhythmic dip of the blades was the only sound breaking the silence of the hill.",sukɔp une jilɛnlɔkilɛ jonuk ut ɔwui hɔp sawroʔerilɔʂlɛ jonuk tɔ retu çuiperʧiʂ ɔkra rɔʧiʂ jɛnilɛ jonuk ɔtʧe opiɛwo kopnutɔhiɛʔlɛ,suköp une yilënlökilë yonuk ut öwui höp sawroʻerilöṣlë yonuk tö retu shuiperchiṣ ökra röchiṣ yënilë yonuk ötche opiëwo kopnutöhiëʻlë
80,"Looking back at the weathered whitewashed cottage on the ridge, Iain realized his neighbor had been right: he hadn't just built a boat; he had built a new way to live.",raraʧiʂ une ɛe haçi hintanɔl he jɛtɛ aʔe kɛçsiilɛ jonuk sukɔp iɔʔɔrilɛ jonuk sukɔp ʧeiʧʧiʂ çolnɛ jɛniʧollɛ jonuk sukɔp jejo sawiçɔçiʧollɛ urɛ jonuk sukɔp ɔʧu jɔwo lɔʂçunlɛ sawiçɔçiʧollɛ,rarachiṣ une ëe hashi hintanöl he yëtë aʻe këshsiilë yonuk suköp iöʻörilë yonuk suköp cheichchiṣ sholnë yënichollë yonuk suköp yeyo sawishöshichollë urë yonuk suköp öchu yöwo löṣshunlë sawishöshichollë
81,"The destination they had spoken about all winter was Gull Island, a small, craggy outcrop three miles across the open water, where the ruins of an old stone beacon stood.",ɛliʧiʂ ho çonkij wuliajlɛ jɛnilɛ terpɔlʧa holujçihʧiʂ jonuk ɔk ilʔinaʂ roʧiʂ nit çoʧpiko wowaah kaçiçoʧ iua jonuk jea sɛɔo noʧ kaɛ sɔiuʧiʂ aʂaiilɛ,ëlichiṣ ho shonkiy wuliaylë yënilë terpölcha holuyshihchiṣ yonuk ök ilʻinaṣ rochiṣ nit shochpiko wowaah kashishoch iua yonuk yea sëöo noch kaë söiuchiṣ aṣaiilë
82,"As Iain pulled on the oars, the dinghy glided smoothly through the glassy water.",raraʧiʂ okʔo he jilɛnlɔkilɛ jonuk uɔʧiʂ na ut kaçiçoʧ jet sehilɛ,rarachiṣ okʻo he yilënlökilë yonuk uöchiṣ na ut kashishoch yet sehilë
83,The rhythmic creak of the rowlocks and the soft splash of the blades were the only sounds in the quiet morning air.,tɔ jihewo liopiʧiʂ jonuk weçɔw retu kulʧiʂ ɔkra rɔʧiʂ jɛnilɛ ʔɔjʂawin kaʂa ʔɔta ʂiɛ,tö yihewo liopichiṣ yonuk weshöw retu kulchiṣ ökra röchiṣ yënilë ʻöyṣawin kaṣa ʻöta ṣië
84,"Clara sat in the bow, navigating by the landmarks on the distant shore-the weathered cottage on the ridge getting smaller with every stroke.",kɔtɔwiʧiʂ ɛon ʂiɛ jenahirilɛ jonuk ɔj kel satkɔk ʂɔhpuç worailɔʂlɛ jonuk ɛe hintanɔl he jɛtɛʧiʂ uk çinɛ ʂɔhpuç ɔk ɔuiiɛʔlɛ,kötöwichiṣ ëon ṣië yenahirilë yonuk öy kel satkök ṣöhpush worailöṣlë yonuk ëe hintanöl he yëtëchiṣ uk shinë ṣöhpush ök öuiiëʻlë
85,"Halfway across the bay, the deep blue water shifted to a brilliant, clear turquoise as they passed over a shallow sandbar.",nɔʔwɔʔlij kɔʂuhɔʔ iua kaçiçoʧʧiʂ ɔlʂu rio nohjaʧ lɛs lɛj ɔnaruilɛ jonuk ho ɛʂɔp ʂe rer sɛilɛ,nöʻwöʻliy köṣuhöʻ iua kashishochchiṣ ölṣu rio nohyach lës lëy önaruilë yonuk ho ëṣöp ṣe rer sëilë
86,"Iain paused, letting the boat drift, and looked down into the water.",raraʧiʂ unohʂosilɛ jonuk jejo teʔwɛlɛ ʂaçɔsojlɛ jonuk kaçiçoʧ hɔp tɔʧi kɛçsiilɛ,rarachiṣ unohṣosilë yonuk yeyo teʻwëlë ṣashösoylë yonuk kashishoch höp töchi këshsiilë
87,"Schools of tiny sand eels darted beneath the cedar planks, completely visible in the pristine sea.",wesɔ werçi au ɛʧpuʧiʂ juratɔç puʂ sihwo kuilɛ jonuk ruk ɔruʔ enɛ niu ʂiɛ jɛnilɛ,wesö wershi au ëchpuchiṣ yuratösh puṣ sihwo kuilë yonuk ruk öruʻ enë niu ṣië yënilë
88,"The constant, frantic noise that used to plague his mind in the city was entirely gone, replaced by the simple physical reality of the ocean.",eʔɛ ɛʔoʔ ʧiuʧiʂ ruo ʂiɛ sukɔp çiʂo ʧesɛilɛ jonuk ɔçɔç ereeiajlɛ jonuk io sɛɛ jikah ʂiʧiʂ nereo ʧɔuliʧollɛ,eʻë ëʻoʻ chiuchiṣ ruo ṣië suköp shiṣo chesëilë yonuk öshösh ereeiaylë yonuk io sëë yikah ṣichiṣ nereo chöulichollë
89,"""The current is starting to pull to the east,"" Clara said, pointing toward a narrow, gravelly slipway between the island's dark cliffs.",ɛçeʂʧiʂ ritwɛ aʔe jilɛnlɔklɛ suiɛʔlɛ jonuk kɔtɔwiʧiʂ rɛilɛ jonuk ʂuutʔɛt holujçih puuʔ ʧoi çe pɛw ɔʧɔ nujaʂ ʔɛje estuljɔiɛʔlɛ,ësheṣchiṣ ritwë aʻe yilënlöklë suiëʻlë yonuk kötöwichiṣ rëilë yonuk ṣuutʻët holuyshih puuʻ choi she pëw öchö nuyaṣ ʻëye estulyöiëʻlë
90,"""Aim for the gap in the rocks.",oʂ ʂiɛ tetesuʂo rɔilɛ,oṣ ṣië tetesuṣo röilë
91,"There's a sheltered landing spot just below the beacon.""",ironɔʧ onsɔ jɛɔçuʧiʂ kaɛ tɔʧi jɛnlɛ,ironöch onsö yëöshuchiṣ kaë töchi yënlë
92,"Iain nodded, adjusting his grip on the smooth wooden handles.",raraʧiʂ kuweilɛ jonuk sukɔp na ee teonuh he nano uipilɔʂlɛ,rarachiṣ kuweilë yonuk suköp na ee teonuh he nano uipilöṣlë
93,"With a few stronger, deliberate strokes, he guided the boat into the calm waters of the island's lee.",çɛʂɔs weʔeʔ çinɛ tise ʂɔhpuç sukɔp jejo holujçih ɛilpu ʂapo kaçiçoʧ hɔp ristɔilɛ,shëṣös weʻeʻ shinë tise ṣöhpush suköp yeyo holuyshih ëilpu ṣapo kashishoch höp ristöilë
94,"The keel scraped softly against the white shingles of the beach, and Clara stepped out into the shallow surf to secure the line.",ʧɔweaʧiʂ weçɔw ɛn soiʧ u ʧa nupwililɛ jonuk kɔtɔwiʧiʂ ɛʂɔp aʂɛʂ hɔp eʧʧoilɛ ʔutʧesuʂo ɛʧpalɛ,chöweachiṣ weshöw ën soich u cha nupwililë yonuk kötöwichiṣ ëṣöp aṣëṣ höp echchoilë ʻutchesuṣo ëchpalë
95,They had made it.,ho nereo ʂaçɔsojiajlɛ,ho nereo ṣashösoyiaylë
96,They tied the launch line securely to a rusted iron ring embedded in the shoreline rocks.,ho aʔiʔʔɔs ʔutʧesuʂo ehnɔ pis e teɛuo hɔʂniilɛ jonuk lu oʂ ʂiɛ nupeeiajlɛ,ho aʻiʻʻös ʻutchesuṣo ehnö pis e teëuo höṣniilë yonuk lu oṣ ṣië nupeeiaylë
97,"Together, Iain and Clara climbed the narrow, overgrown path that wound up the cliffs of Gull Island, heading toward the crumbling stone beacon.",nɛʧtɔ raraʧiʂ jonuk kɔtɔwiʧiʂ pɛw ɔuʧ hauko ʔailɛ jonuk terpɔlʧa holujçih ʧoi wiçej wɛɛilɛ jonuk wɛ noʧ kaɛ ʔɛje ereeiɛʔlɛ,nëchtö rarachiṣ yonuk kötöwichiṣ pëw öuch hauko ʻailë yonuk terpölcha holuyshih choi wishey wëëilë yonuk wë noch kaë ʻëye ereeiëʻlë
98,"The air up here was cooler, filled with the sharp scent of wild thyme and the loud, echoing cries of nesting seabirds.",ʔɔtaʧiʂ wiçej ijesun jɛnilɛ jonuk ʔaɛl ʂeʧos toru siʧ jonuk sihto ʔɛsɔ poaʧ ue patweç ʂɔhpuç ruluwkɔiʧollɛ,ʻötachiṣ wishey iyesun yënilë yonuk ʻaël ṣechos toru sich yonuk sihto ʻësö poach ue patwesh ṣöhpush ruluwköichollë
99,The beacon itself was a hollow shell of weathered gray granite.,kaɛʧiʂ ɛe uw ʧej uʂiɛ çɔʔeʧiʂ jɛnilɛ,kaëchiṣ ëe uw chey uṣië shöʻechiṣ yënilë
100,"Its roof had collapsed decades ago, leaving the interior open to the sky, but the thick walls still offered shelter from the Atlantic breeze.",nereo orɔçʧiʂ jɔs ʔuhɔwo ohroiajlɛ jonuk çuo ʔɔçɛʔ aʔe wowaah rɔsowiʧollɛ keçʂi peteʂlik eeeʧiʂ poʧʔoç niu poe honi ʧoka ironɔʧo çenilɛ,nereo oröshchiṣ yös ʻuhöwo ohroiaylë yonuk shuo ʻöshëʻ aʻe wowaah rösowichollë keshṣi peteṣlik eeechiṣ pochʻosh niu poe honi choka ironöcho shenilë
101,"As Iain stepped through the arched doorway, his boots crunched on the gravel and fallen mortar.",raraʧiʂ ri tawuo jet eʧʧoilɛ jonuk sukɔp tɛraʧiʂ o jonuk era ɛɛs he lanhusilɛ,rarachiṣ ri tawuo yet echchoilë yonuk suköp tërachiṣ o yonuk era ëës he lanhusilë
102,In the center of the ruins sat a heavy stone pedestal that had once held the beacon's light.,atuj noʧ ʔiwaelʧiʂ sɔiu wuʔtɔw ʂiɛ jenahirilɛ jonuk nereo reur kaɛ huo aloiajlɛ,atuy noch ʻiwaelchiṣ söiu wuʻtöw ṣië yenahirilë yonuk nereo reur kaë huo aloiaylë
103,"Tucked into a deep, protected niche at the base of the pedestal was something unexpected: a rusted, waterproof metal ammunition box.",rio ʂewaw kanhɔʧiʂ ʔiwael nerɔp jɔʂaɔ ɔkoniʧollɛ jonuk ra waçjoʔʧiʂ pis puepiʂ ʧɔ ɛsjɛ ʧeɛʧiʂ jɛnilɛ,rio ṣewaw kanhöchiṣ ʻiwael neröp yöṣaö ökonichollë yonuk ra washyoʻchiṣ pis puepiṣ chö ësyë cheëchiṣ yënilë
104,"Clara knelt down beside it, brushing away a layer of dried moss.",kɔtɔwiʧiʂ nereo has eçekwopilɛ jonuk ʔɔw pɛwnojsi joo nanpeɔhilɛ,kötöwichiṣ nereo has eshekwopilë yonuk ʻöw pëwnoysi yoo nanpeöhilë
105,"""Your neighbor used to row out here every autumn,"" she whispered, looking up at Iain.",len ʧeiʧʧiʂ uk ja sawroʔerilɛ jonuk ʂuutʔɛt ʂenilɛ jonuk ʂuutʔɛt rarao wiçej kɛçsiilɛ,len cheichchiṣ uk ya sawroʻerilë yonuk ṣuutʻët ṣenilë yonuk ṣuutʻët rarao wishey këshsiilë
106,"""He told me he kept a log of the sea's behavior across fifty years.",sukɔp eɛk aʔe rɛilɛ jonuk sukɔp niu sɔ ʧɔpalo roʔu rek iua noilɛ,suköp eëk aʻe rëilë yonuk suköp niu sö chöpalo roʻu rek iua noilë
107,"I think this is where he hid it.""",eɛk jɔsuhlɛ jonuk ɔn sukɔp rɛɔpilɛ jea jɛnlɛ,eëk yösuhlë yonuk ön suköp rëöpilë yea yënlë
108,"With a stiff creak, the rusted latches gave way.",pis wesaʧɛʧiʂ akuçek liopi ʂɔhpuç puilɛ jɔwo,pis wesachëchiṣ akushek liopi ṣöhpush puilë yöwo
109,"Inside, wrapped tightly in oilcloth, was not just a logbook, but a small leather pouch.",kiʧiʂ hio ʂiɛ sɛwio pɛniajlɛ jɛnilɛ urɛ jonuk ɔk il wɔaʧiʂ jɛnilɛ,kichiṣ hio ṣië sëwio pëniaylë yënilë urë yonuk ök il wöachiṣ yënilë
110,"Iain carefully unwrapped the cloth, revealing a weathered journal filled with dense, elegant diagrams of tides, weather patterns, and boat designs-and beneath it, a brass pocket compass engraved with Iain's own initials.",raraʧiʂ koo jɛlaʔaʂ wowaahilɛ jonuk ɛe ao nɛʔoʔiilɛ jonuk jok aʂsiso ɔkiat jonuk opu jinah jonuk jej kɔn ʔi ʂɔhpuç ruluwkɔiʧollɛ jonuk nereo sihwo ʂowçolaʔ teɔla wɔuhʔuʧo rara kɔ uriwo ʧɛsiajlɛ,rarachiṣ koo yëlaʻaṣ wowaahilë yonuk ëe ao nëʻoʻiilë yonuk yok aṣsiso ökiat yonuk opu yinah yonuk yey kön ʻi ṣöhpush ruluwköichollë yonuk nereo sihwo ṣowsholaʻ teöla wöuhʻucho rara kö uriwo chësiaylë
111,His neighbor had been planning this journey for him long before Iain even knew he needed to escape the city.,sukɔp ʧeiʧʧiʂ sukɔp aʔe ɔn jɛʧhoo uoʔiɛʔajlɛ jonuk raraʧiʂ sukɔp ruoo walɛ piapilɛ jorilɛ,suköp cheichchiṣ suköp aʻe ön yëchhoo uoʻiëʻaylë yonuk rarachiṣ suköp ruoo walë piapilë yorilë
